<?xml version="1.0" encoding="UTF-8"?>
<project-private xmlns="http://www.netbeans.org/ns/project-private/1">
    <editor-bookmarks xmlns="http://www.netbeans.org/ns/editor-bookmarks/2" lastBookmarkId="0"/>
    <open-files xmlns="http://www.netbeans.org/ns/projectui-open-files/2">
        <group>
            <file>file:/C:/Users/Alumno/Documents/NetBeansProjects/pruebapacman/src/clases/Fantasma.java</file>
            <file>file:/C:/Users/Alumno/Documents/NetBeansProjects/pruebapacman/src/clases/Personaje.java</file>
            <file>file:/C:/Users/Alumno/Documents/NetBeansProjects/pruebapacman/src/clases/GhostType.java</file>
            <file>file:/C:/Users/Alumno/Documents/NetBeansProjects/pruebapacman/src/clases/Animation.java</file>
            <file>file:/C:/Users/Alumno/Documents/NetBeansProjects/pruebapacman/src/clases/Pacman.java</file>
            <file>file:/C:/Users/Alumno/Documents/NetBeansProjects/pruebapacman/src/clases/AnimationEnum.java</file>
            <file>file:/C:/Users/Alumno/Documents/NetBeansProjects/pruebapacman/src/clases/Direction.java</file>
            <file>file:/C:/Users/Alumno/Documents/NetBeansProjects/pruebapacman/src/pruebapacman/Persona.java</file>
            <file>file:/C:/Users/Alumno/Documents/NetBeansProjects/pruebapacman/src/pruebapacman/Board.java</file>
        </group>
    </open-files>
</project-private>
